deck_id,cards,score,last_entry
6,Cannon; Skeletons; Musketeer; Hog Rider; The Log; Fireball; Ice Spirit; Ice Golem,5,2025-12-03T20:09:00.512283
15,Musketeer; Giant Snowball; Skeletons; Bomb Tower; Barbarian Barrel; Ice Golem; Balloon; Miner,4,2025-12-03T20:08:33.502966
7,Royal Ghost; Royal Giant; Hunter; Fisherman; Skeletons; Fireball; Electro Spirit; Barbarian Barrel,3,2025-12-03T20:09:03.999207
32,Cannon; Firecracker; Mighty Miner; Barbarian Barrel; Electro Spirit; Skeletons; Earthquake; Hog Rider,3,2025-12-03T20:09:06.986351
47,Barbarians; Zap; Mega Minion; Skeleton Dragons; Tombstone; Lava Hound; Balloon; Fireball,3,2025-12-03T20:08:54.410331
8,Valkyrie; Wall Breakers; Magic Archer; Bomb Tower; Miner; Spear Goblins; Barbarian Barrel; Tornado,2,2025-12-03T20:08:34.239074
16,Baby Dragon; Electro Dragon; Mini P.E.K.K.A; Golem; Battle Healer; Tornado; Barbarian Barrel; Elixir Collector,2,2025-12-03T20:08:58.285742
18,Cannon; Firecracker; Mighty Miner; Earthquake; Hog Rider; Ice Spirit; The Log; Skeletons,2,2025-12-03T20:08:54.022685
19,Skeleton Barrel; Royal Ghost; Wall Breakers; Dart Goblin; Rocket; Rascals; Barbarian Barrel; Bomb Tower,2,2025-12-03T20:09:05.896059
21,Cannon; Firecracker; Mighty Miner; The Log; Electro Spirit; Skeletons; Earthquake; Hog Rider,2,2025-12-03T20:08:45.842563
24,Skeleton Barrel; Mortar; Boss Bandit; Berserker; Fireball; Electro Wizard; Goblin Gang; Barbarian Barrel,2,2025-12-03T20:08:30.104465
38,Bomber; Zap; Giant; Prince; Mega Minion; Dark Prince; Rage; Fireball,2,2025-12-03T20:08:51.055740
45,Skeleton Army; Valkyrie; Lava Hound; Spirit Empress; Fireball; Vines; Minions; Tombstone,2,2025-12-03T20:08:53.671841
56,Battle Ram; Royal Ghost; Magic Archer; Bandit; Electro Wizard; Fireball; P.E.K.K.A; Zap,2,2025-12-03T20:08:44.362958
62,Tesla; Goblin Barrel; Knight; Skeletons; The Log; Rocket; Princess; Goblin Gang,2,2025-12-03T20:08:52.922157
81,Bomber; Zap; Giant; Prince; Dark Prince; Lightning; Mega Minion; Rage,2,2025-12-03T20:08:59.779072
1,Hunter; Royal Giant; Skeletons; Monk; Electro Spirit; The Log; Fireball; Fisherman,1,2025-12-03T20:08:16.948016
2,Skeleton Barrel; Wall Breakers; Mighty Miner; Skeleton King; Arrows; Dart Goblin; Goblin Gang; Royal Recruits,1,2025-12-03T20:08:17.318873
3,Mortar; Skeleton Barrel; Mini P.E.K.K.A; Dart Goblin; Minions; Skeletons; Barbarian Barrel; Fireball,1,2025-12-03T20:08:17.666057
4,Giant Snowball; Cannon; Fire Spirit; Rocket; Skeletons; Berserker; Goblin Drill; Bomber,1,2025-12-03T20:08:18.041270
5,Skeleton Barrel; Mortar; Knight; Fireball; The Log; Minions; Skeletons; Dart Goblin,1,2025-12-03T20:08:18.422037
9,Firecracker; Skeletons; Mini P.E.K.K.A; Electro Spirit; Hog Rider; Earthquake; The Log; Ice Golem,1,2025-12-03T20:08:19.891168
10,Royal Ghost; Knight; Giant; Mini P.E.K.K.A; Musketeer; Rage; Fireball; Zap,1,2025-12-03T20:08:20.276655
11,Skeletons; Executioner; Mini P.E.K.K.A; Boss Bandit; Hog Rider; Barbarian Barrel; Lightning; Giant Snowball,1,2025-12-03T20:08:20.661773
12,Valkyrie; Skeleton Army; Vines; Baby Dragon; Lava Hound; Spirit Empress; Tombstone; Fireball,1,2025-12-03T20:08:21.034826
13,Tesla; Skeletons; Mini P.E.K.K.A; Little Prince; Miner; Electro Spirit; Rocket; The Log,1,2025-12-03T20:08:21.413601
14,Firecracker; Tesla; Mighty Miner; Skeletons; Earthquake; The Log; Hog Rider; Electro Spirit,1,2025-12-03T20:08:21.800191
17,Firecracker; Cannon; Mini P.E.K.K.A; Electro Spirit; Earthquake; Skeletons; Hog Rider; The Log,1,2025-12-03T20:08:22.935309
20,Valkyrie; Baby Dragon; Tornado; Tombstone; Poison; Ice Wizard; Graveyard; Barbarian Barrel,1,2025-12-03T20:08:24.896569
22,Skeleton Barrel; Skeleton Army; Skeleton King; Wall Breakers; Dart Goblin; Minions; Fire Spirit; Ice Spirit,1,2025-12-03T20:08:25.643051
23,Baby Dragon; Executioner; Golden Knight; Mini P.E.K.K.A; Vines; Barbarian Barrel; Golem; Zappies,1,2025-12-03T20:08:26.020582
25,Zap; Wizard; Mini P.E.K.K.A; Giant; Tornado; Arrows; Sparky; Heal Spirit,1,2025-12-03T20:08:26.769558
26,Royal Hogs; Hunter; Mini P.E.K.K.A; The Log; Earthquake; Ice Golem; Skeletons; Magic Archer,1,2025-12-03T20:08:27.142535
27,Witch; Royal Ghost; Mini P.E.K.K.A; Minions; Giant; Sparky; Tornado; Vines,1,2025-12-03T20:08:27.516888
28,Knight; Furnace; Poison; Barbarian Barrel; Goblin Hut; Berserker; Ice Spirit; Graveyard,1,2025-12-03T20:08:27.884006
29,Skeleton Barrel; Mortar; Skeleton King; Cannon Cart; Fireball; Goblin Gang; Ice Wizard; Barbarian Barrel,1,2025-12-03T20:08:28.249547
30,Royal Hogs; Royal Recruits; Flying Machine; Electro Spirit; Goblin Cage; Zappies; Arrows; Barbarian Barrel,1,2025-12-03T20:08:29.004305
31,Archers; Tesla; Skeletons; The Log; X-Bow; Knight; Fireball; Electro Spirit,1,2025-12-03T20:08:29.370997
33,Furnace; Cannon; Mighty Miner; Berserker; Poison; The Log; Goblin Drill; Skeletons,1,2025-12-03T20:08:30.485400
34,Heal Spirit; Barbarian Barrel; Boss Bandit; Ice Golem; Lumberjack; Baby Dragon; Ram Rider; Fireball,1,2025-12-03T20:08:30.876090
35,Bats; Wall Breakers; Poison; Spear Goblins; Knight; The Log; Miner; Bomb Tower,1,2025-12-03T20:08:31.661473
36,Royal Recruits; Goblin Cage; Zappies; Royal Hogs; Arrows; Flying Machine; Fireball; Barbarian Barrel,1,2025-12-03T20:08:32.050404
37,Bats; Mortar; Little Prince; Miner; Knight; Spear Goblins; The Log; Fireball,1,2025-12-03T20:08:32.428512
39,Wall Breakers; Cannon; Mini P.E.K.K.A; Miner; Poison; The Log; Minions; Skeletons,1,2025-12-03T20:08:33.136177
40,Giant Snowball; Cannon; Goblin Drill; Skeletons; Bomber; Berserker; Electro Spirit; Fireball,1,2025-12-03T20:08:33.863405
41,Goblin Barrel; Ice Spirit; Knight; Princess; Inferno Tower; Goblin Gang; The Log; Rocket,1,2025-12-03T20:08:34.617441
42,Mortar; Skeleton Barrel; Ice Wizard; Barbarian Barrel; Berserker; Fireball; Cannon Cart; Goblin Gang,1,2025-12-03T20:08:34.983253
43,Valkyrie; Electro Wizard; Goblin Hut; Arrows; Fire Spirit; Mini P.E.K.K.A; Hog Rider; Skeleton Army,1,2025-12-03T20:08:35.316634
44,Firecracker; Witch; Golden Knight; Cannon; Tornado; Giant Skeleton; Guards; Goblin Drill,1,2025-12-03T20:08:35.801485
46,Knight; Baby Dragon; Ice Wizard; Graveyard; Barbarian Barrel; Tornado; Tombstone; Poison,1,2025-12-03T20:08:36.549887
48,Baby Dragon; Valkyrie; Golem; Mini P.E.K.K.A; Elixir Collector; Minions; Zappies; Vines,1,2025-12-03T20:08:37.264218
49,Wall Breakers; Mega Knight; Mini P.E.K.K.A; Archer Queen; Zap; Prince; Goblin Gang; Arrows,1,2025-12-03T20:08:37.647797
50,Baby Dragon; Skeletons; Mini P.E.K.K.A; Lava Hound; Fire Spirit; Ice Spirit; Rage; Elixir Collector,1,2025-12-03T20:08:38.026801
51,Baby Dragon; Lumberjack; Clone; Mini P.E.K.K.A; Arrows; Lava Hound; Skeleton Army; Flying Machine,1,2025-12-03T20:08:38.784848
52,Royal Ghost; Witch; Mini P.E.K.K.A; Spirit Empress; Golem; Vines; Minions; Barbarian Barrel,1,2025-12-03T20:08:39.157070
53,Mega Knight; Bats; Mighty Miner; Goblin Gang; Inferno Dragon; Balloon; Vines; Fireball,1,2025-12-03T20:08:39.862047
54,Battle Ram; Executioner; Golden Knight; Elixir Collector; Ice Golem; Arrows; Royal Ghost; Heal Spirit,1,2025-12-03T20:08:40.223279
55,Baby Dragon; Zap; Mini P.E.K.K.A; Lava Hound; Mega Minion; Fireball; Balloon; Guards,1,2025-12-03T20:08:40.594071
57,Royal Ghost; Baby Dragon; Mini P.E.K.K.A; Zappies; Golem; Minions; Barbarian Barrel; Vines,1,2025-12-03T20:08:41.726359
58,Barbarians; Zap; Lava Hound; Balloon; Miner; Minion Horde; Minions; Arrows,1,2025-12-03T20:08:42.107676
59,Royal Ghost; Skeleton Army; Mother Witch; Royal Giant; Fisherman; Zappies; Giant Skeleton; Arrows,1,2025-12-03T20:08:42.492072
60,Inferno Dragon; Zap; Guards; Balloon; Fireball; Skeleton Dragons; Lava Hound; Tombstone,1,2025-12-03T20:08:42.881606
61,Knight; Goblin Cage; Goblinstein; Guards; Poison; Ice Wizard; Graveyard; Barbarian Barrel,1,2025-12-03T20:08:43.262427
63,Wall Breakers; Royal Ghost; Mini P.E.K.K.A; Dart Goblin; Suspicious Bush; Ice Spirit; Fire Spirit; The Log,1,2025-12-03T20:08:44.009623
64,Firecracker; Skeletons; Knight; Cannon; The Log; Rocket; Ice Spirit; Hog Rider,1,2025-12-03T20:08:44.731996
65,Skeleton Army; Zap; Giant; Sparky; Mini P.E.K.K.A; Minion Horde; Arrows; Minions,1,2025-12-03T20:08:45.097389
66,Zap; Valkyrie; Balloon; Skeleton Dragons; Mega Minion; Lava Hound; Fireball; Tombstone,1,2025-12-03T20:08:45.484096
67,Witch; Electro Dragon; Skeleton King; Arrows; Mini P.E.K.K.A; Golem; Electro Spirit; Tornado,1,2025-12-03T20:08:46.208815
68,Inferno Dragon; Zap; Balloon; Fireball; Minions; Barbarian Barrel; Goblin Gang; Lava Hound,1,2025-12-03T20:08:46.569525
69,Valkyrie; Baby Dragon; Vines; Balloon; Mega Minion; Lava Hound; Fireball; Tombstone,1,2025-12-03T20:08:46.943146
70,Battle Ram; Royal Ghost; Electro Spirit; Arrows; Bandit; Minions; Rage; P.E.K.K.A,1,2025-12-03T20:08:47.309924
71,Battle Ram; Royal Ghost; Zap; Electro Wizard; P.E.K.K.A; Arrows; Magic Archer; Bandit,1,2025-12-03T20:08:48.086983
72,Skeleton Barrel; Royal Ghost; Skeleton King; Vines; Barbarian Barrel; Suspicious Bush; Rascals; Dart Goblin,1,2025-12-03T20:08:48.444258
73,Baby Dragon; Valkyrie; Lava Hound; Miner; Minions; Arrows; Vines; Minion Horde,1,2025-12-03T20:08:48.816592
74,Witch; Giant Snowball; Mini P.E.K.K.A; Graveyard; Giant; Bowler; Minions; Arrows,1,2025-12-03T20:08:49.212333
75,Goblin Barrel; Tesla; Rocket; Knight; Princess; Goblin Gang; Ice Spirit; The Log,1,2025-12-03T20:08:49.564433
76,Skeleton Army; Zap; Mini P.E.K.K.A; Arrows; Sparky; Minion Horde; Bats; Giant,1,2025-12-03T20:08:49.943377
77,Goblin Cage; Mortar; Tornado; Fireball; Vines; Arrows; Rage; Barbarian Barrel,1,2025-12-03T20:08:50.311495
78,Executioner; Valkyrie; Rocket; Hog Rider; Goblins; Ice Spirit; The Log; Tornado,1,2025-12-03T20:08:50.689706
79,Giant Snowball; Ice Spirit; Cannon Cart; Mini P.E.K.K.A; Fisherman; Goblin Gang; Ram Rider; Flying Machine,1,2025-12-03T20:08:51.416265
80,Archers; Witch; Skeleton King; Void; Goblin Curse; Elixir Golem; Rage; Night Witch,1,2025-12-03T20:08:51.817676
82,Mega Minion; Tombstone,1,2025-12-03T20:08:52.558699
83,Royal Recruits; Royal Hogs; Golden Knight; Flying Machine; Arrows; Goblin Cage; Barbarian Barrel; Zappies,1,2025-12-03T20:08:53.300468
84,Giant Snowball; Skeletons; Mini P.E.K.K.A; Archer Queen; Elixir Collector; Electro Spirit; The Log; X-Bow,1,2025-12-03T20:08:54.913538
85,Skeleton Army; Royal Giant; Mini P.E.K.K.A; Fisherman; Fireball; The Log; Minions; Zappies,1,2025-12-03T20:08:55.283903
86,Mega Knight; Inferno Dragon; Electro Wizard; Bandit; P.E.K.K.A; Bats; Lightning; Arrows,1,2025-12-03T20:08:55.626323
87,Inferno Dragon; Zap; Skeleton Army; Mega Minion; Baby Dragon; Fireball; Minion Horde; Wizard,1,2025-12-03T20:08:56.387866
88,Balloon; Fireball; Goblin Cage; Ice Golem; Inferno Dragon; Mega Minion; Miner; Zap,1,2025-12-03T20:08:56.768682
89,Executioner; Valkyrie; Boss Bandit; Mini P.E.K.K.A; Rage; Electro Wizard; Cannon Cart; Vines,1,2025-12-03T20:08:57.151494
90,Royal Giant; Hunter; Skeletons; Fisherman; Lightning; Royal Ghost; Electro Spirit; The Log,1,2025-12-03T20:08:57.524208
91,Dart Goblin; Wall Breakers; Boss Bandit; Goblin Gang; Electro Spirit; Vines; Zap; Suspicious Bush,1,2025-12-03T20:08:57.918703
92,Valkyrie; Goblin Cage; Lava Hound; Spirit Empress; Lightning; Minions; Arrows; Skeletons,1,2025-12-03T20:08:58.660259
93,Giant Snowball; Ice Spirit; Dart Goblin; Mini P.E.K.K.A; Bats; Electro Spirit; Skeletons; X-Bow,1,2025-12-03T20:08:59.017741
94,Royal Giant; Hunter; Royal Ghost; Fireball; Fisherman; Electro Spirit; The Log; Skeletons,1,2025-12-03T20:08:59.425083
95,Valkyrie; Executioner; Baby Dragon; Prince; Arrows; Minion Horde; Skeleton Army; Hog Rider,1,2025-12-03T20:09:00.149496
96,Lumberjack; Cannon; Bats; Three Musketeers; Balloon; Electro Spirit; Poison; Royal Delivery,1,2025-12-03T20:09:00.961954
97,Musketeer; Valkyrie; Miner; Skeletons; Minions; Mortar; Giant Snowball; Poison,1,2025-12-03T20:09:01.341190
98,Valkyrie; Firecracker; Cannon; Earthquake; Fire Spirit; The Log; Hog Rider; Skeletons,1,2025-12-03T20:09:01.730388
99,Executioner; Inferno Dragon; Golden Knight; Mini P.E.K.K.A; Bowler; Graveyard; Vines; Tornado,1,2025-12-03T20:09:02.101961
100,Inferno Dragon; Skeleton Army; Skeleton King; Night Witch; Golem; Miner; Goblin Curse; Zap,1,2025-12-03T20:09:02.496680
101,Royal Ghost; Furnace; P.E.K.K.A; Zap; Goblin Gang; Fireball; Battle Ram; Bandit,1,2025-12-03T20:09:02.878213
102,Witch; Lumberjack; Boss Bandit; Vines; Ram Rider; Minions; Barbarian Barrel; Arrows,1,2025-12-03T20:09:03.252916
103,Goblin Barrel; Dart Goblin; Mighty Miner; Rascals; Goblin Gang; Cannon; The Log; Princess,1,2025-12-03T20:09:03.626898
104,Dart Goblin; Mortar; Goblinstein; Vines; Prince; Goblin Hut; Arrows; Dark Prince,1,2025-12-03T20:09:04.375486
105,Baby Dragon; Mega Knight; Boss Bandit; Mini P.E.K.K.A; Fireball; Hog Rider; Balloon; Lumberjack,1,2025-12-03T20:09:04.764821
106,Mega Knight; Zap; Archer Queen; Prince; Wall Breakers; Bandit; Arrows; Bats,1,2025-12-03T20:09:05.152426
107,Giant Snowball; Tesla; Knight; Goblin Drill; Poison; Fire Spirit; Skeletons; Goblin Demolisher,1,2025-12-03T20:09:05.531808
108,P.E.K.K.A; Baby Dragon; Ram Rider; Berserker; Vines; Minions; Electro Spirit; Barbarian Barrel,1,2025-12-03T20:09:06.272968
109,Mega Knight; Witch; Golden Knight; The Log; Firecracker; Fireball; Minions; Hog Rider,1,2025-12-03T20:09:06.644693
110,Cannon; Royal Hogs; Archer Queen; Ice Spirit; Skeletons; Earthquake; Royal Delivery; The Log,1,2025-12-03T20:09:07.378054
111,Lumberjack; Inferno Dragon; Mini P.E.K.K.A; Goblin Gang; Vines; Elite Barbarians; Mother Witch; Arrows,1,2025-12-03T20:09:07.736341
112,Wall Breakers; Mega Knight; Archer Queen; Minions; Bandit; Prince; Arrows; Zap,1,2025-12-03T20:09:08.102988
113,Goblin Barrel; Skeleton Army; Miner; Inferno Tower; Minion Horde; Ice Golem; The Log; Arrows,1,2025-12-03T20:09:08.490341
114,Royal Giant; Valkyrie; Hunter; Fisherman; Fireball; The Log; Electro Spirit; Skeletons,1,2025-12-03T20:09:08.881128
115,Goblin Cage; Giant Snowball; Goblinstein; Knight; Graveyard; Guards; Poison; Ice Wizard,1,2025-12-03T20:09:09.242406
116,Ice Spirit; Dart Goblin; Hog Rider; Tesla; Skeletons; Valkyrie; Arrows; Bomber,1,2025-12-03T20:09:09.587805
117,Mega Knight; Valkyrie; Monk; Cannon; Phoenix; Balloon; Goblin Gang; Arrows,1,2025-12-03T20:09:09.934225
118,Witch; Knight; Graveyard; Poison; Ice Wizard; Vines; Goblin Hut; Barbarian Barrel,1,2025-12-03T20:09:10.307072
119,Wizard; Skeleton Barrel; P.E.K.K.A; Zap; Skeleton Army; Lightning; The Log; Bomb Tower,1,2025-12-03T20:09:10.675823
120,Valkyrie; Battle Ram; Arrows; Zappies; Poison; Mother Witch; Mirror; Guards,1,2025-12-03T20:09:11.059767
121,Mega Knight; Rocket; Mother Witch; Ice Spirit; Cannon; The Log; Executioner; Sparky,1,2025-12-03T20:09:11.428140
122,Royal Giant; Hunter; Monk; Knight; Fisherman; Electro Spirit; Fireball; Barbarian Barrel,1,2025-12-03T20:09:11.823336
123,Royal Giant; Wizard; Monk; Fireball; Skeletons; Electro Spirit; Barbarian Barrel; Fisherman,1,2025-12-03T20:09:12.194749
124,Skeletons; Cannon; Archer Queen; Earthquake; Ice Spirit; Hog Rider; The Log; Giant Skeleton,1,2025-12-03T20:09:12.582727
125,Executioner; Giant Snowball; Boss Bandit; Bomber; Mini P.E.K.K.A; Barbarian Barrel; Vines; Ram Rider,1,2025-12-03T20:09:12.948245
126,Skeleton Barrel; Firecracker; Giant Skeleton; Spirit Empress; Bowler; Guards; Tornado; Clone,1,2025-12-03T20:09:13.287763
